,title,creator,url,Totalstars
0,metafizzy,infinite-scroll,https://github.com/topics/ajax/metafizzy,7k
1,ljianshu,Blog,https://github.com/topics/ajax/ljianshu,6.9k
2,developit,unfetch,https://github.com/topics/ajax/developit,5.2k
3,jquery-form,form,https://github.com/topics/ajax/jquery-form,5.1k
4,olifolkerd,tabulator,https://github.com/topics/ajax/olifolkerd,4.3k
5,Studio-42,elFinder,https://github.com/topics/ajax/Studio-42,4.2k
6,ded,reqwest,https://github.com/topics/ajax/ded,2.9k
7,dwyl,learn-to-send-email-via-google-script-html-no-server,https://github.com/topics/ajax/dwyl,2.7k
8,LeaVerou,bliss,https://github.com/topics/ajax/LeaVerou,2.4k
9,elbywan,wretch,https://github.com/topics/ajax/elbywan,2.3k
10,noelboss,featherlight,https://github.com/topics/ajax/noelboss,2k
11,wendux,Ajax-hook,https://github.com/topics/ajax/wendux,1.9k
12,yisainan,web-interview,https://github.com/topics/ajax/yisainan,1.8k
13,craftpip,jquery-confirm,https://github.com/topics/ajax/craftpip,1.8k
14,ptaoussanis,sente,https://github.com/topics/ajax/ptaoussanis,1.6k
15,joaomilho,Enterprise,https://github.com/topics/ajax/joaomilho,1.5k
16,nette,tracy,https://github.com/topics/ajax/nette,1.5k
17,u014427391,jeeplatform,https://github.com/topics/ajax/u014427391,1.3k
18,MoOx,pjax,https://github.com/topics/ajax/MoOx,1.2k
19,loadingio,css-spinner,https://github.com/topics/ajax/loadingio,1.2k
20,codingforentrepreneurs,eCommerce,https://github.com/topics/ajax/codingforentrepreneurs,1.2k
21,danielm,uploader,https://github.com/topics/ajax/danielm,1.1k
22,renderedtext,render_async,https://github.com/topics/ajax/renderedtext,1k
23,swlib,saber,https://github.com/topics/ajax/swlib,939
24,webcreate,infinite-ajax-scroll,https://github.com/topics/ajax/webcreate,839
25,proyecto26,RestClient,https://github.com/topics/ajax/proyecto26,835
26,opensource-socialnetwork,opensource-socialnetwork,https://github.com/topics/ajax/opensource-socialnetwork,824
27,k8w,tsrpc,https://github.com/topics/ajax/k8w,788
28,rapidjs,rapid.js,https://github.com/topics/ajax/rapidjs,708
29,csxiaoyaojianxian,JavaScriptStudy,https://github.com/topics/ajax/csxiaoyaojianxian,592
